{"count":1,"gauges":{},"self":39.8157248,"total":40.6677928,"children":{"AgentResetIfDone":{"count":2000,"self":0.0139847,"total":0.0139847,"children":null},"AgentSendState":{"count":2000,"self":0.086001799999999989,"total":0.7635746,"children":{"CollectObservations":{"count":24000,"self":0.6775728,"total":0.6775728,"children":null}}},"DecideAction":{"count":2000,"self":0.0269855,"total":0.0269855,"children":null},"AcademyStep":{"count":2000,"self":0.0019955999999999997,"total":0.0019955999999999997,"children":null},"AgentAct":{"count":2000,"self":0.045526,"total":0.045526,"children":null}}}